,v_0,theta,kappa,sigma_v,rho,lam,muj,sigj,env: rf,env: S0
2020-01-03,0.0033190071524764357,0.0010520912696457439,0.9698341252152035,5.882593859886447,-0.8461739870416196,0.005769772874606812,0.034109393752582026,0.05597670139276892,5.986543241132125e-05,3234.85
2020-01-10,0.003284399375222395,0.0016081918982058356,0.9092125465872861,5.944572868928156,-0.8511836136919414,0.0055039418757699176,0.03754952521669729,0.061582995285096996,5.986543241132125e-05,3265.35
2020-01-17,0.00304695310822376,0.000569143824696029,1.768073934275505,5.224691137551518,-0.8487492155089508,0.001771480446334956,0.007740202840432832,0.058144287544665746,6.0647170438077325e-05,3329.62
2020-01-24,0.0036695909929643227,0.0014206789535059498,1.1170595239172505,6.075913509255864,-0.8243873656807853,0.00450755400221414,0.04458074308047819,0.04604044984054319,6.0647170438077325e-05,3295.47
2020-01-31,0.003194607542467329,0.0002723238781042754,1.7289032938956757,5.22333797492865,-0.7891663499099457,0.0374158605909078,0.01806558721797799,0.02721680626401672,6.142875511461199e-05,3225.52
2020-02-07,0.003159151403429072,0.0021869721587880007,0.7451386189828835,6.777021419828907,-0.8625710285545797,0.0062941981844174865,0.035221425769559986,0.05765504170241224,6.18194899655311e-05,3327.71
2020-02-14,0.004121923739096603,0.0010021317978506754,1.4629189807955287,5.087241646127538,-0.8518837432719296,0.0022574359062963833,-0.0006896318967133277,0.05760965078649523,6.299146465793548e-05,3380.16
2020-02-21,0.0025760510529493678,0.0012337015572056395,1.5558054163021187,6.058991420865899,-0.8363437234287854,0.0011089221901875018,-0.036576640488976485,0.0519624681599249,6.299146465793548e-05,3337.75
2020-02-28,0.10200529654053686,0.000910001285594246,1.5695300905117482,4.475440548863943,-0.5622067215624478,0.0104612000621021,-0.022901300946611695,0.04160518901120297,5.71281408126012e-05,2954.22
2020-03-06,0.030939622240983223,0.0007279879934051097,1.4782383045225183,4.945299889549116,-0.6079783217542551,0.03270431772556803,-0.011776296588024041,0.07371208184654034,3.122651284970246e-05,2972.37
2020-03-13,0.0406687202057072,0.00024002911866251016,2.4370690041222853,2.8459794975524364,-0.4594420504076874,0.04750283259160977,-0.07405538206650902,0.05168997117040009,1.3073763831750185e-05,2711.02
2020-03-20,0.06912594623737303,0.00010222406231973354,4.501340669277015,2.426757848623933,-0.24900419997171244,0.061657780893143305,-0.08816581636173723,0.031568524185851515,1.5869854708139286e-06,2304.92
2020-03-27,0.040738399498720115,0.00010154082363716935,3.9378543037806524,3.094689082841009,-0.40889731456764294,0.09139073337103541,-0.06764450728056409,0.03868677038455234,3.968056356828953e-07,2541.47
2020-04-03,0.012203390761808802,0.00038726325441873125,2.3081653136180464,4.051138382824139,-0.7082615085441728,0.15173152045187938,0.015594303943888102,0.04319764328029881,3.5698287639274184e-06,2488.65
2020-04-17,0.012544091445913558,0.0011713406895134616,1.6085373636092757,4.785302851892643,-0.6794209303643333,0.027192262582498,-0.003842892461564153,0.07342988765840969,4.759061227099792e-06,2874.56
2020-04-24,0.002832091578121142,0.0013712539532939828,1.8352150510009657,4.564341395614513,-0.6384920972804264,0.014805416615298014,0.03862374435787612,0.06031075639124075,3.966279028766451e-06,2836.74
2020-05-01,0.011731953755164793,0.0006857708022243672,1.886284694222035,4.498524249163443,-0.6558014974826357,0.043824103986084835,-0.05056885083565403,0.029154309118601777,3.966279028766451e-06,2830.71
2020-05-08,0.004227817277623971,0.0017467010611947047,1.6202757052633863,4.901129445703315,-0.8175583931351952,0.005135465818822589,0.03926995915667951,0.0730495781611917,3.966279028766451e-06,2929.8
2020-05-15,0.0017809846772705756,0.0009673436693577083,1.7644556112303695,4.4071299683702545,-0.6321724749327821,0.013796181021106206,0.029178638075597924,0.050312483506046675,3.5698287639274184e-06,2863.7
2020-05-22,0.004651757472603777,0.0021421009078229753,1.2131351085512836,5.035065207960644,-0.809721574758889,0.005304206536153319,0.043111815463352125,0.0819284554126185,3.5698287639274184e-06,2955.45
2020-05-29,0.00444218941630052,0.0018591665749841866,1.4651557777463982,4.734475441919744,-0.8132406209857352,0.004615633262851724,0.03022812610827041,0.0847002020898924,5.155393176359269e-06,3044.31
2020-06-05,0.0026048263494310832,0.0013151289952875746,1.3150695871686509,4.677611635605219,-0.8210732421100141,0.004618410059166846,0.06365961099370786,0.04850093833188522,5.155393176359269e-06,3193.93
2020-06-12,0.010078423984582207,0.0022680826642523266,1.332868423024077,4.910569812938118,-0.6869632683787139,0.0048643689284978316,0.048705109256275046,0.07883969831020703,5.551685702931408e-06,3041.31
2020-06-19,0.005878440359549261,0.0008496980777452227,1.6518406619212898,5.05558096221642,-0.7434027912166732,0.0108637738915954,0.07609881857508842,0.058184336141071526,5.155393176359269e-06,3097.74
2020-06-26,0.011796357767597621,0.0006667464582903131,1.7610596911623533,4.297804285974011,-0.7297292778226948,0.03091327396650984,-0.0038114260232990443,0.07124853160902082,4.759061227099792e-06,3009.05
2020-07-10,0.004554352107696107,0.0022029726856012386,1.1735159734780058,4.795337908526341,-0.8350695897561391,0.00453694770128701,0.04642068017816299,0.0765891197413906,3.966279028766451e-06,3185.04
2020-07-17,0.012031716004739304,0.001313042140344837,1.3649136169328064,5.3420863569757815,-0.7918502827197125,0.007717932380361396,0.05277421968239472,0.05378809888947935,4.362689847159373e-06,3224.73
2020-07-24,0.002138090046705977,0.0011089679762661306,1.179338871402806,5.013181820814388,-0.6363952484528385,0.012085852231544451,0.039625429524322985,0.05539174043326861,3.966279028766451e-06,3215.63
2020-07-31,0.0031920159512120105,0.0015322341167963696,1.4424445738438167,5.0009889635560745,-0.8238380588333682,0.004290012093587507,0.039846239745380395,0.07260355009252802,3.5698287639274184e-06,3271.12
2020-08-07,0.003453402328279271,0.0021440097817111863,1.0574546333625665,4.950434291783189,-0.8457481004927608,0.004146639319779631,0.05424393179879032,0.06529831885383627,3.1733390453148047e-06,3351.28
2020-08-14,0.0014144383709284744,0.0013759196405148987,0.9130038285590445,4.6120569927616275,-0.6384303816843417,0.007562309479471577,0.04104197080610519,0.030319633357486404,3.5698287639274184e-06,3372.85
2020-08-21,0.002089754052676982,0.0010162582480441687,1.8449850499039486,4.98338720051591,-0.8594048793556914,0.0033986695014941695,0.07788256169137055,0.0463274706842666,2.77680986426887e-06,3397.16
2020-08-28,0.0022069208363395825,0.000985550290699949,1.4314495726382115,4.952383414202542,-0.7118731617816141,0.007995844518631688,0.04764012397612298,0.036076231973523526,3.5698287639274184e-06,3508.01
2020-09-04,0.00476002933897681,0.0013577211933576872,1.6065655498409186,4.963463132364102,-0.8054905908790992,0.007474782355870228,0.07391722027837747,0.05105988991145817,3.5698287639274184e-06,3426.96
2020-09-11,0.007383825147132946,0.002315862811791399,1.104951802028449,5.195374246663608,-0.7974909180064307,0.004739456695185576,0.07182189279555028,0.06407029615934955,3.966279028766451e-06,3340.97
2020-09-18,0.009967706045560866,0.0024860667271363107,1.0772102686730065,5.021879105553707,-0.796961452821637,0.004947647584997834,0.06971584686596348,0.06291888639446928,3.5698287639274184e-06,3319.47
2020-09-25,0.004922126647392474,0.0027360749707586746,1.1572123003282904,4.945488532959031,-0.8183551550640624,0.004653630625467744,0.04574666598590234,0.08857565957073012,3.1733390453148047e-06,3298.46
2020-10-02,0.005123702902047185,0.0016371841116595352,1.4894946768393822,5.0065109209713485,-0.7847440453616862,0.008597237442309998,0.07207604634169543,0.06036433254642161,3.966279028766451e-06,3348.42
2020-10-09,0.0013222186721005486,0.001140787348568535,1.1458583969227285,4.05577242786185,-0.5607779549145216,0.01759004491206095,0.012015628996116738,0.037904909909396045,3.966279028766451e-06,3477.14
2020-10-16,0.004134974271597658,0.001901125400886458,1.0989429214074193,5.016805329101065,-0.8170414224237059,0.006091737063021532,0.0701528077767631,0.057154495713759336,3.5698287639274184e-06,3483.81
2020-10-23,0.0027073781320637877,0.001208012509891018,1.5268841688537815,4.753447412912179,-0.7844122876342,0.007806209527412535,0.06780920267989662,0.05368814958257643,3.1733390453148047e-06,3465.39
2020-10-30,0.04401790753235276,0.00040415681846951875,1.5844796379312347,4.778181197365866,-0.5699667884486389,0.039222282869866155,-0.027064819656033252,0.06198678171818633,3.1733390453148047e-06,3269.96
2020-11-06,0.010019654203429134,0.0014155140020057947,1.220286773094037,5.2717012964256345,-0.7571251248741416,0.011812141910342532,0.034838956576262764,0.0556198133139275,3.966279028766451e-06,3509.44
2020-11-13,0.0026746747453602815,0.0013773908426074608,1.4270951702184684,4.561763711845376,-0.795169417926966,0.0031938155702950473,0.07622707178354057,0.04382404335695529,3.966279028766451e-06,3585.15
2020-11-20,0.002961424559045216,0.0012556753662328341,1.1384490347362262,5.1473939263604365,-0.7411472533922921,0.006738984522492114,0.06576351343096298,0.04484765022660871,3.5698287639274184e-06,3557.54
2020-11-27,0.0024647492804388948,0.0010903603376198508,1.141522534983686,5.112497028577843,-0.7791866148659401,0.016475023972881368,0.028404109755332498,0.04183116538578351,3.5698287639274184e-06,3638.35
2020-12-04,0.0014983708159605844,0.0007989494209304836,1.6193554657234899,4.975839188783441,-0.7807312723747193,0.010260259138772683,0.0430755068728735,0.035558369974397916,2.77680986426887e-06,3699.12
2020-12-11,0.002519605610055745,0.0015852001205622016,1.3409891930601314,4.809874302592768,-0.8314713779393647,0.0036277957619629195,0.06081974863962027,0.06494751912206165,3.1733390453148047e-06,3663.46
2020-12-18,0.003983395794018647,0.0016765165259431968,1.304727161982021,5.256516137897357,-0.8339805774552743,0.004063645352678477,0.0688416306650643,0.04741999005097296,3.1733390453148047e-06,3709.41
2021-01-08,0.0016349766377365274,0.0009512797031072701,1.2733837066770137,4.82268304051918,-0.7013083672095269,0.0106711896867441,0.04312480845481985,0.031842327810894425,3.1733390453148047e-06,3824.68
2021-01-15,0.006315502643918296,0.0019235967734097632,1.1097687750952043,5.289469201049718,-0.8349060232185208,0.004338694923297058,0.05025403970407694,0.06020519807577223,3.1733390453148047e-06,3768.25
2021-01-22,0.0033820822354098086,0.0016419379075999507,1.1735549605433016,5.0441398992211175,-0.8103127379649824,0.003578742360572766,0.07459524635214178,0.04292814616688659,2.77680986426887e-06,3841.47
2021-01-29,0.017008286619542654,0.0008488011318122045,1.4369199224404559,5.062251560393173,-0.6395283880775458,0.03480502138905293,-0.016579423046578265,0.0451721400016005,2.77680986426887e-06,3714.24
2021-02-05,0.002726237707406864,0.0015931999889227057,1.1483432916740155,4.615780033186912,-0.844683450130766,0.0038167814457613688,0.08123805052690378,0.04326676591251631,7.935717540874521e-07,3886.83
2021-02-12,0.003090621425376576,0.001528671797562709,1.2386852306390832,5.0998048919449905,-0.8372175312844821,0.003771494689789142,0.06216693047743252,0.0725267876135656,1.1902983632072761e-06,3934.83
2021-02-19,0.005954801659835925,0.0018046684167356078,1.135444139304788,5.468410024795108,-0.8509024895460856,0.003837971518506457,0.06745468822030717,0.05820118214839906,1.1902983632072761e-06,3906.71
2021-02-26,0.02477138870939464,0.0011320577051768142,1.2473104490246476,5.3480835505192745,-0.7844771354461479,0.027138921290723962,-0.03692184526796955,0.0073092581994264934,1.5869854708139286e-06,3811.15
2021-03-05,0.004453082700462026,0.0017048836282782772,1.2256351072322078,4.949420097708455,-0.8040029577496054,0.003833023706811817,0.06963941441486061,0.04958758367621994,1.5869854708139286e-06,3841.94
2021-03-12,0.003093369987445233,0.0015206838996446542,1.2328122948985991,5.217156811413223,-0.8412233703495231,0.0037034454712886944,0.05478515871362084,0.07187486094987595,1.1902983632072761e-06,3943.34
2021-03-19,0.004286064124475458,0.0009567537648374765,1.2880276584874966,5.442926102743611,-0.8201874314932645,0.008667800176455116,0.041825654264252346,0.050906472136507695,3.968056356828953e-07,3913.1
2021-03-26,0.0018366440424971936,0.00046174996458596466,3.386766807991026,5.0128049924757105,-0.8004510580494419,0.0015305545290282695,0.03486202094656242,0.10036093596141965,7.935717540874521e-07,3974.54
2021-04-09,0.002211474310929886,0.0011469144335439453,1.2163418917804696,5.198541459109485,-0.8435249631680501,0.004022004520710874,0.0408050880591857,0.06195222888242958,7.935717540874521e-07,4128.8
2021-04-16,0.0038467568751724412,0.0005838219390102478,1.5664963899154596,4.845889213523364,-0.8483120244842796,0.0019189501673025865,0.09749510309999046,0.05185888825871891,7.935717540874521e-07,4185.47
2021-04-23,0.0013566238963428926,0.0008532621365782647,1.2973995636571292,4.921672477122232,-0.8269719049829306,0.007480743040442862,0.03462375483243875,0.042706562499008026,3.968056356828953e-07,4180.17
2021-04-30,0.0037996304840076326,0.002541279631470636,0.818855962292407,6.008470957409769,-0.8570731660512969,0.005884550448158821,0.0352057304153046,0.054879727361892734,3.968056356828953e-07,4181.17
2021-05-07,0.00280430555589307,0.0015182468173694668,1.013706581613184,5.240538321930735,-0.8498552372556157,0.004386524991961134,0.0270935557337001,0.06301465901011331,3.968056356828953e-07,4232.6
2021-05-14,0.0026432655627103402,0.0013638625794406107,1.1449870373666102,5.374961250154806,-0.842380649647608,0.0036297340933865462,0.06483727063611934,0.07098427090251176,3.968056356828953e-07,4173.85
2021-05-21,0.006641127010255236,0.0015495726959398573,1.1477131411777752,5.695961799213265,-0.8296799623314635,0.004057183729483695,0.052191923175800084,0.05569682040529913,0.0,4155.86
2021-05-28,0.0037776318801056126,0.0011444834622802967,0.9932289621818574,5.770266080633826,-0.8102512331991631,0.00521403655139973,0.04921163531445785,0.0529466305047044,3.968056356828953e-07,4204.11
2021-06-04,0.0025861222790787793,0.0013324934844046671,1.0251312358342297,5.447808199249333,-0.8606237901447775,0.0034698844427107117,0.05655612310187847,0.05965850091509021,3.968056356828953e-07,4229.89
2021-06-11,0.00194335001896348,0.0009669809167497472,1.0202448037567238,5.460314379798605,-0.7572665675222866,0.005766172512271623,0.041811333698283604,0.03273462434170336,3.968056356828953e-07,4247.44
2021-06-18,0.007403081389444406,0.0019486112092244041,0.8937078855731498,5.313658581175268,-0.8461072102933497,0.0027551209414880657,0.06779487328932207,0.05417560613698561,1.98363308512306e-06,4166.45
2021-06-25,0.0023818112585334184,0.0012272267103563934,0.9394317031396162,5.033338298303601,-0.8184862070983411,0.0037296743742588154,0.05509435034757703,0.03674671856354088,1.98363308512306e-06,4280.7
2021-07-02,0.0013889231521634706,0.0008298660766091969,1.20678242947873,5.491737078263774,-0.8682412344029039,0.0034341855323318823,0.07411789579043813,0.030604182530579574,1.98363308512306e-06,4352.34
2021-07-09,0.002912921205525896,0.0012855338394082312,1.041842595277475,5.136367250959677,-0.844370240997536,0.0035676859445608884,0.0454388514773699,0.04921914911712578,2.3802412136841866e-06,4369.55
2021-07-16,0.002725670655961334,0.0014609450851523363,0.9824407312384918,5.7771508472378565,-0.8448313638599559,0.005363465088364727,0.05042779261793413,0.05528148798018363,1.98363308512306e-06,4327.16
2021-07-23,0.002790096220710054,0.001401101097709505,1.0567237050634544,5.003151130877778,-0.8566798830372643,0.003459712715530145,0.05139985227814275,0.05120801610207226,1.98363308512306e-06,4411.79
2021-07-30,0.002221397495258489,0.001120237397753624,0.8896311849603203,5.263958859036165,-0.42158196944871384,0.0030746060462317135,-0.02188754323820467,0.034182970890483395,1.98363308512306e-06,4395.26
2021-08-06,0.0011140549628569575,0.0004201989778806607,1.3005533063864136,5.067223994982565,-0.6629173485124414,0.011933206056242627,-0.031030234775213165,0.02973597671750162,1.5869854708139286e-06,4436.52
2021-08-13,0.0026360979376494334,0.0014449761005343152,1.0802380748911935,5.59890937219509,-0.8605808390403397,0.0024866854577837057,0.05207718154104918,0.0716961363041546,1.5869854708139286e-06,4468.0
2021-08-20,0.0017678193683505644,0.0010505903852382858,1.0085301277320486,4.610488764706794,-0.7382408488689204,0.002356055604415506,0.06185259237821065,0.04016149080817211,1.5869854708139286e-06,4441.67
2021-08-27,0.002733438853156889,0.001056411670336421,1.1883424383397365,5.470694357936289,-0.8553782405975324,0.0024720651890833417,0.04135300915742249,0.0734194675711649,1.5869854708139286e-06,4509.37
2021-09-03,0.0020637692515245065,0.0009656626934080673,1.0968730690715403,5.696668043826271,-0.8149072888613904,0.009026248004336159,0.012760867542413297,0.04027762795324966,1.5869854708139286e-06,4535.43
2021-09-10,0.008298599945871158,0.0014717512967030058,0.9425516148943812,5.326136094055805,-0.698155849956395,0.007157537815841599,0.00827090855485027,0.03945604577019633,2.3802412136841866e-06,4458.58
2021-09-17,0.008595086926978673,0.0015409111833558599,0.86631520273469,6.054826221363014,-0.778432721499532,0.011128595322879058,0.017774087341246615,0.04139949354332705,2.3802412136841866e-06,4432.99
2021-09-24,0.0012395035088519299,0.0010283387628090804,1.0597556676028683,4.434451112464152,-0.8252988339942426,0.0050408598819389324,0.04962486934275199,0.04221770071593568,2.3802412136841866e-06,4455.48
2021-10-01,0.002763744079889679,0.0009461032373763384,1.2819653565811213,5.18093993579421,-0.7028368662866288,0.016025741581723228,0.01781065024697497,0.038214227586470445,3.1733390453148047e-06,4357.04
2021-10-08,0.0035257866362901984,0.0017957886249568326,0.886089271821568,5.243067002822473,-0.7703029876197494,0.003345387602870264,0.056245239400121175,0.04258864749753856,7.935717540874521e-07,4391.34
2021-10-15,0.0025593261786952086,0.0011942389143098319,1.1168759750751183,5.543006067622318,-0.8504454810753896,0.0029180426452427837,0.061347355865222886,0.07242592129242303,1.5869854708139286e-06,4471.37
2021-10-22,0.001349193217070849,0.000793247045386778,0.8917148662854156,5.33134417721575,-0.4591703897211448,0.014412507304072912,0.0002451022857322177,0.026569209373938477,1.98363308512306e-06,4544.9
2021-10-29,0.0031822652975189328,0.001491388045097032,1.1090458191675054,5.529421369810437,-0.8577436310907859,0.0028270571677856313,0.05818115410507208,0.07076760236471641,2.3802412136841866e-06,4605.38
2021-11-05,0.0020117654600618983,0.0008748259992833325,1.06465713811352,5.478959541340854,-0.7352270153347431,0.004184202731416946,0.061202977089650216,0.024854161010227943,1.98363308512306e-06,4697.53
2021-11-12,0.004042937000850165,0.0011142550086548277,1.191686828017246,5.638614662089508,-0.8512739163275435,0.0030045889971924405,0.05520405390169524,0.07181326311910952,1.98363308512306e-06,4682.85
2021-11-19,0.003740602284639615,0.0014729722983334557,1.1217723522289422,5.571650640978848,-0.8491322160093306,0.0025376632841411888,0.09887944954033429,0.03775823982038724,4.362689847159373e-06,4697.96
2021-11-26,0.020346208176399653,0.0014420005813371205,1.1628425053514282,4.993818983857962,-0.7188692393942504,0.005920891159944206,0.02219324674094849,0.06148023154048375,4.362689847159373e-06,4594.62
2021-12-03,0.016056943949632155,0.0006811523385015977,1.582744981444046,4.170258234553474,-0.6813237663563496,0.03441302353325931,-0.03426163895078114,0.01342259671164467,1.5869854708139286e-06,4538.43
2021-12-10,0.001112206460252268,0.001728261620533795,0.9753734128192945,4.774186341692204,-0.8329432059152652,0.0036353162427598877,0.038647845316852766,0.031179663620355836,1.1902983632072761e-06,4712.02
2021-12-17,0.017041403670634538,0.0016551546655405745,0.8827030612035857,5.488891274845565,-0.7534457706206852,0.01027662942469948,-0.012634646469073358,0.04929055570122776,1.1902983632072761e-06,4620.64
2021-12-31,0.006196447318251563,0.002104579977439989,0.864579821740676,5.569561624753251,-0.8532538957518154,0.004067512533924171,0.03749400287898335,0.07315320488827506,2.3802412136841866e-06,4766.18
2022-01-07,0.00853248546987177,0.00162629624001543,1.1360356273633254,5.987673251474267,-0.7938947327478355,0.002820833607414844,0.049690498168443994,0.04168278345610535,1.98363308512306e-06,4677.03
2022-01-14,0.0036227951172859607,0.0010985134876617564,1.407640902542136,5.040161381297973,-0.7619252305098574,0.0043275424392443616,0.050205963261559884,0.049435115308858246,1.98363308512306e-06,4662.85
2022-01-21,0.023335930648559534,0.0009445385970446294,1.083682955471098,4.671109974212782,-0.4004252263657109,0.013060321314213912,-0.03335466531826156,0.043064083637114614,1.98363308512306e-06,4397.94
2022-01-28,0.006991817162191283,0.0014923075942441914,1.3341989660969227,5.087291228691326,-0.7855482303939517,0.007002019494758648,0.04620499342878733,0.057697080454269564,1.5869854708139286e-06,4431.85
2022-02-04,0.005584442535147612,0.0017452994705812745,1.0630298301304935,4.980198646806184,-0.8285202842934373,0.005151629080926295,0.06496683870118333,0.06040812758761105,1.98363308512306e-06,4500.53
2022-02-11,0.020151813206078725,0.0012934326977468357,1.1286903794222356,4.870569530827733,-0.643637629578389,0.017368521452011124,0.008890296089795007,0.04830090484774935,1.1902983632072761e-06,4418.64
2022-02-18,0.025882192539627823,0.0016377054679260297,0.9560169145868886,4.655462931377963,-0.5577350881840305,0.009524476007129067,-0.01852725656793136,0.03943355292964032,1.1902983632072761e-06,4348.87
2022-02-25,0.003908199073319208,0.0006696298942591716,1.5795757451883172,4.887115966207471,-0.585320076058758,0.029588395202031246,-0.006141317629806818,0.04854470683975616,1.1902983632072761e-06,4384.65
2022-03-04,0.03260001269387551,0.00022170124923512222,1.1163953552817432,5.306293688326427,-0.7320351882097555,0.03700991939960299,-0.005013762936852992,0.059946485920569885,5.947938814809817e-06,4328.87
2022-03-11,0.01909734898838071,0.0004034822220870816,1.1778680420186505,5.5734448006295,-0.431513742852382,0.06705141770282803,-0.03010517602409648,0.031133396519102668,6.740326825349641e-06,4204.31
2022-03-18,0.004546267510964822,0.0007223333116142304,1.4459726362446748,4.96940281416718,-0.645349204180169,0.026485076182406808,0.005186734646703268,0.043088686713200354,7.532557270595319e-06,4463.12
2022-03-25,0.0022405987036568514,0.001326857724406931,1.3820504593779541,5.137856980005987,-0.8329363253895055,0.0037497742180363147,0.0626821713160361,0.058167281298342456,6.740326825349641e-06,4543.06
2022-04-01,0.002382963990161516,0.0011485019721158205,1.1213363088557857,5.461538189333572,-0.7629399625875372,0.012622942503161243,-0.028089536034328802,0.030590994730751848,5.947938814809817e-06,4545.86
2022-04-08,0.00877274373407085,0.002082823742832402,0.9629188293390144,5.265257960339088,-0.8216220696740749,0.004209531340944496,0.05172360420943508,0.05225484144677472,7.92861342602258e-06,4488.28
2022-04-22,0.020986327276020702,0.0011297523627663154,1.098400899468064,5.131549235026674,-0.7163575194946328,0.0169477294021378,0.009705796886193671,0.06312107652260518,1.8212278277252025e-05,4271.78
2022-04-29,0.05515955574768301,0.0020384513614926923,0.9530245203034214,5.222157385039171,-0.6951456853552368,0.008814273733150798,0.02502322003550908,0.0673701955275201,1.4655551191511407e-05,4131.93
2022-05-06,0.012107122017902386,0.002584647327304482,1.0138729959848967,4.953936898225637,-0.7959419458568191,0.005318301725065465,0.07021463363308694,0.07616801116328556,1.900223106310328e-05,4123.34
2022-05-13,0.003884099781132609,0.0007221064301778305,1.5684082831766442,4.41151700725501,-0.6298036312241913,0.03039409398955281,-0.006858390385448789,0.05529714103273596,2.6498981064992932e-05,4023.89
2022-05-20,0.004594019497422197,0.0003959293490417138,1.7132890589725593,4.500691023636271,-0.6594906244760081,0.04291493274291081,-0.001813684759778837,0.0559141325686954,2.492188974012599e-05,3901.36
2022-05-27,0.0053016644352723435,0.002026746154875785,1.1661971581268213,4.682559142931539,-0.8089256758523947,0.005544693416285864,0.06695953760978425,0.0726570369547479,2.7287292685862496e-05,4158.24
2022-06-03,0.00942769315440448,0.0009621612672766324,1.1585284219174896,5.023340835507536,-0.6243968832414015,0.024428764245094384,-0.004078753664642973,0.055622252932882525,3.4375087153648565e-05,4108.54
2022-06-10,0.01991771941048743,0.0005208107560271796,1.7487258496377107,4.985922352286124,-0.5942836799653808,0.03796299167870144,-0.05035983974857772,0.008232629318225791,4.341340280400452e-05,3900.86
2022-06-17,0.005274384780940631,0.00010072076758677405,2.351115681041702,4.634002767511389,-0.7129270383341473,0.11280559192354803,0.020866646756439306,0.031620272808454135,4.5375543826331466e-05,3674.84
2022-06-24,0.0035392918527315,0.001527616609952547,1.3481554108929135,4.459810578171125,-0.800233203993044,0.006119988960206366,0.07658893740611322,0.05591668480011351,4.6944561201023305e-05,3911.74
2022-07-01,0.005648955212622717,0.0015221442056720382,1.4940711204164154,5.008323263055952,-0.7844235172831808,0.005724515826842961,0.07979393867181096,0.05658272651677733,5.008074350687508e-05,3825.33
2022-07-08,0.00964449051935634,0.0018779914345516393,1.1317717797021787,5.233337604977149,-0.7841376726424765,0.006538333781118352,0.06751532726323972,0.06693492648300248,6.18194899655311e-05,3899.38
2022-07-15,0.003284313599825423,0.0014813173607727598,1.4966568312061141,4.715510992195825,-0.7991932919774838,0.003968279819029233,0.0816356575578276,0.06490827461857533,7.780671582890974e-05,3863.16
2022-07-22,0.00613924508344378,0.0015553199454832421,1.2063197844181142,5.119480909851931,-0.8001778357815248,0.004693096201333125,0.08138121134761239,0.06252469571089568,8.441679811777014e-05,3961.63
2022-07-29,0.005632083218623774,0.0015117001563317825,1.0142087936003252,5.268505262451315,-0.8273261194451218,0.005538848638859289,0.08483324201943873,0.058546538004687176,8.713541254601331e-05,4130.29
2022-08-05,0.0034018969205555885,0.00140964121684499,1.254327275812534,5.215228948362916,-0.8367123346028206,0.004048654811548923,0.05779770161354535,0.07216702598758541,8.6747152605815e-05,4145.19
2022-08-12,0.005168493063404831,0.0014302867363152319,1.1822933854736581,5.660172953408622,-0.8377949370424913,0.005184196368734743,0.04456328161602802,0.07471809446013056,8.75236346555841e-05,4280.15
2022-08-19,0.0016015614834047089,0.00034787518696746054,1.8102811506022098,5.227259384641984,-0.5148930981748499,0.04461226463815817,0.03220853587500447,0.00892121607873775,8.75236346555841e-05,4228.48
2022-08-26,0.011013083257066111,0.0023063786642710062,0.9865285162861684,5.2092177649273115,-0.8208362120246628,0.0049859309910683155,0.07067218302335072,0.07735821083927923,9.37300495240656e-05,4057.66
2022-09-02,0.022068511025031948,0.001316807051616926,1.1225592637766377,5.635888149924743,-0.7192452087108971,0.04879485440942417,0.029652809539194136,0.01142156277902435,9.760415525894572e-05,3924.26
2022-09-09,0.0031400091070833496,0.0014113343033590768,1.3015984068578599,4.8445056045495,-0.7918329892203112,0.0035352186319768135,0.10359325805655137,0.04898704842526806,0.00010070073002266255,4067.36
2022-09-16,0.008495477217370644,0.00010791482728966745,2.5030941072860804,4.57783653210774,-0.4511767908795567,0.09846242738957119,0.018162235792412686,0.029177625746325736,0.00010495459470871715,3873.33
2022-09-23,0.015361058226469479,0.00012171090892726818,1.7481309890051884,4.738022682325004,-0.6322369776164287,0.06498453937762967,-0.00327018565911389,0.04901360898356115,0.0001045680673463778,3693.23
2022-09-30,0.02963684350884259,0.00023517098333887573,1.6783642757761417,4.5797587995156235,-0.6430727980876918,0.04097595122738868,-0.004147531312292543,0.061862624259572174,0.00010920392277746771,3585.62
2022-10-07,0.01683322567000708,0.0007853203706478249,1.5886533948368653,4.730718902658559,-0.7242467678859258,0.018727611248207546,0.02928647572432433,0.07525153704354794,0.00011845948390121208,3639.66
2022-10-14,0.0237107737796285,0.002438427559653075,1.0909702879801573,4.946001866552383,-0.7796429583816978,0.00595282739019432,0.09515005342710572,0.08705713726540065,0.0001288463560800146,3583.07
2022-10-21,0.0063794385751665475,0.0006226268275705922,1.6256551589531258,4.645275858695045,-0.7198230726954171,0.023670446829438963,0.023280298747699008,0.07579102404490795,0.00013843974798288805,3752.75
2022-10-28,0.008183985873073781,0.0016715761761276426,1.2648026109646344,4.836977330549354,-0.7391766015997759,0.007003372118644518,0.06679026445267486,0.07140316797994249,0.00014609786618535736,3901.06
2022-11-04,0.003199147655882638,0.0011842524118360156,1.1757926680563355,4.256564892104973,-0.7478846545305403,0.006956689703217312,0.08731160046919234,0.056417622448877824,0.00014533271634609157,3770.55
2022-11-11,0.004641554833489317,0.0004813092137653454,1.4859149132244436,5.094936823532355,-0.5816791525836995,0.03500110740551485,0.0027870376000448754,0.04533982976043699,0.0001445674195510449,3992.93
2022-11-18,0.0030554335972586516,0.00141320975434032,1.2518419578321036,4.817305499696763,-0.8068544600382404,0.0036958562505560733,0.10254947482555664,0.05543754734380329,0.0001529776110411607,3965.34
2022-11-25,0.0023337217794164337,0.0008367018099205145,1.4639165742575395,5.145097315098319,-0.5931246403408754,0.010297727910946795,0.05161273435302135,0.03031646819742915,0.0001617511456717402,4026.12
2022-12-02,0.0037451791425194302,0.001396680670820684,1.2010925612003593,5.4281328868055345,-0.8367310988888661,0.004166449625574367,0.06391918916622338,0.0743564149353533,0.0001522137812646207,4071.7
2022-12-09,0.011823296064816448,0.0010266822795576248,1.3417005617428406,4.954242308608572,-0.6836916917765932,0.008702169183323453,0.056153375647980695,0.05663736129590265,0.0001483924345326848,3934.38
2022-12-16,0.004533058087050414,0.0019514149822957862,1.068092911215371,5.361552037874427,-0.794270403948082,0.003376163818317234,0.10344309491611758,0.059004354363822675,0.00015335947102901315,3852.36
2022-12-23,0.00384184302010931,0.0017555229835159473,1.2351644039993044,5.2929013334452595,-0.8396207965712467,0.004089796664014074,0.0713052932199741,0.08466972558882606,0.00014801009822229538,3844.82
2022-12-30,0.0040542222350050975,0.0013779175006790366,1.33563496879753,4.741583558707711,-0.8119303951771771,0.003912044774114161,0.09540314174470114,0.052856154031693206,0.00016022670055493293,3839.5
2023-01-06,0.001975098482154021,0.0009903844722696062,1.5409003959085594,4.7014567765856174,-0.820445235371824,0.0037299894510496607,0.09555434499866736,0.055271242551577664,0.0001678431007052783,3895.08
2023-01-13,0.003522072433421128,0.001177013513635018,1.236703941404489,5.422570131208365,-0.8432552216771061,0.0031785001670427827,0.05877226868410092,0.0834435730050894,0.00017772270657090417,3999.09
2023-01-20,0.0022225722032191177,0.0009343902360331901,1.4668850091817403,4.820071166695615,-0.8216913630717465,0.003349592896149708,0.09843727339623899,0.04905026044660386,0.00018189517720434978,3972.61
2023-01-27,0.0020794420222548303,0.000373231504831061,1.3634538556333289,5.268794836479371,-0.5921373447935281,0.04363045940967338,0.01422903238386912,0.025538113442346494,0.00017886108646547605,4070.56
2023-02-03,0.0032589294618193673,0.0003635791112183109,1.6577308918098168,5.394926480067636,-0.7799039687178121,0.009955859334348784,0.05556498371866517,0.04611090266916435,0.00017886108646547605,4136.48
2023-02-10,0.004357215297322835,0.0010205101833457852,1.429261699915153,5.14923411013656,-0.7920353878554308,0.003094965357114596,0.11045378479449892,0.05183334667554736,0.0001807576638885866,4090.46
2023-02-17,0.003983927328356156,0.000877944201542172,1.4962790398133932,5.31029456090263,-0.8416596578303891,0.0027295293303650253,0.1093746813540691,0.05125356580424885,0.00017999914123811855,4079.09
2023-02-24,0.003572801400130173,0.0010387996726041978,1.4190983447420913,4.990921769700013,-0.7788169787023451,0.00370015462935021,0.09552865454702689,0.05173239550055276,0.000181516042177865,3970.04
2023-03-03,0.0020343248835795868,0.0007912055783303403,1.471036728649559,4.837498237870958,-0.827344640871837,0.0038800375451639455,0.09185204578417605,0.039768080927649135,0.00018416923014275,4045.64
2023-03-10,0.014240687993794876,0.00036641934849238837,1.3110543276768813,5.137525908281996,-0.7051491983980477,0.03550919444059251,0.005683503100079733,0.04667592498263921,0.00018644198605977103,3861.59
2023-03-17,0.017735347136414035,0.0006845688424358824,1.2640188564091501,5.144863604757732,-0.7239204777641631,0.021837322883445573,0.0036252804249415154,0.0565185952333039,0.0001674626262520018,3916.64
2023-03-24,0.0034450894589857445,0.0012259475750882299,1.496850860191941,4.949075697672979,-0.8372090201868208,0.0040139154446778786,0.08141894783513101,0.05486895824296861,0.00016632098486990543,3970.99
2023-03-31,0.0034628642869765224,0.0006019930973738815,1.444155334274242,4.868662065053572,-0.6961740309950836,0.007383047165393659,0.04873360533150016,0.04691497875051075,0.00018379031143078706,4109.31
2023-04-14,0.002031540448518079,0.001037071187043351,1.195634653189405,5.075424472937305,-0.787999002066057,0.0027403849907349223,0.10327483846893346,0.049480549165936256,0.00016670156834108774,4137.64
2023-04-21,0.002261653034731946,0.001020627610196099,0.881626426934574,4.4951244475415555,-0.5347318511081895,0.003243172304201796,-0.014552497313024429,0.039103633520368296,0.00013115087748549747,4133.52
2023-04-28,0.0018371535773143,0.0008174674639097467,0.7728257119386629,4.732583291857331,-0.4857882112322571,0.012699654134432251,0.0012156415448479536,0.03470273529686828,0.00016898430614076254,4169.48
2023-05-05,0.002865177464548075,0.0013239315285404883,1.1026716268184351,5.483042794125862,-0.8529630037350963,0.0029266766673593063,0.0563649525225045,0.069331851940069,0.00021587045473081545,4136.25
2023-05-12,0.002004623010886565,0.00088708537742052,1.3521296925792774,4.956648294509574,-0.8862216649617453,0.0022326502938681656,0.09175655525777927,0.045083901808392245,0.00022338133879551414,4124.08
2023-05-19,0.0030422636664432057,0.001438087796478037,0.7865782918118627,5.8798788006064955,-0.8475715534477603,0.004036850654462028,0.06697444338576389,0.05584688314243456,0.00021699799022467658,4191.98
2023-05-26,0.002096734284167792,0.0006427449104532514,0.8895944380310992,4.896953359221919,-0.4842110878778173,0.009615398027524667,-0.014676352910348288,0.036596016271063986,0.000232001390587655,4205.45
2023-06-02,0.0025695540230935504,0.0006013094437172527,1.0555054673425244,5.6583568744443875,-0.778909821318464,0.007939480321521752,-0.009634753946672367,0.04591715256330649,0.0002042005349363052,4282.37
2023-06-09,0.0039885107373707155,0.001576350067395031,0.7201899052331205,6.166985515665264,-0.7098741655403795,0.0010210235384826092,0.11579155274179906,0.055205946448269747,0.0002030693720416199,4298.86
2023-06-16,0.0025197471750095235,0.0004856301325380576,1.0557827657197838,6.503215546377032,-0.7161198363076146,0.03368678662381601,0.020495256353696555,0.015412010307143292,0.00020042874257408805,4409.59
2023-06-23,0.003320415067095465,0.0008744582070585958,0.8745283021028798,5.840446027325647,-0.80917038776164,0.004075303489826048,0.08316523887614526,0.04563675235652369,0.00020005136690737224,4348.33
2023-06-30,0.0030241689248601523,0.000887012475596778,0.8959558499091144,5.735662169885905,-0.7458510358542119,0.00035930296574259227,0.1330012773020541,0.062404838948738994,0.00020269224637736727,4450.38
2023-07-07,0.0037737332005034433,0.0006528029226220936,1.1378594274763074,6.128076652326876,-0.45872206978783814,0.0058223920274149315,0.032165171521583664,0.03423646276498216,0.00020570825281929217,4398.95
2023-07-14,0.002809024153339035,0.0006807737495036872,1.0752424207108369,5.963025559647427,-0.3431740701794726,0.006113991462864545,0.02950595690334337,0.023481040556423066,0.00020759209831888725,4505.42
2023-07-21,0.001371111408474383,0.00046246099350336214,0.7899809770691075,5.149475772951288,-0.4360329007153579,0.02440145654655457,0.024006531349098716,0.02425426069624462,0.0002098515379793664,4536.34
2023-07-28,0.0009489772671895632,0.0006778281018873002,0.6096544941940958,4.650914248683004,-0.41977583745397007,0.005853073863489129,-0.030083539503148557,0.023239215289448282,0.0002113571196757924,4582.23
2023-08-04,0.006707229247318343,0.0011060908271641088,0.8614828267939479,5.808589601908276,-0.752468391793426,0.0036007716280153823,0.07259874514447037,0.0418088690424865,0.00021399051964765547,4478.03
2023-08-11,0.002745107322894081,0.0008892258306523247,0.7760070963037917,5.404631308658349,-0.5176447259944776,0.005059023842051321,-0.03342935762911259,0.02758610033389912,0.00021399051964765547,4464.05
2023-08-18,0.0021981620488439814,0.0007420030538493166,0.9305231988462702,5.057136924181848,-0.41513812484385926,0.010384266954496046,-0.003606140540008201,0.034783267297955396,0.0002136144261815076,4369.71
2023-08-25,0.0021122339900828567,0.0008866193735686878,0.9425379134952488,4.873710695710557,-0.7889265197045828,0.004092320680243493,0.0560304748536512,0.0490183532143185,0.00021474260011022928,4405.71
2023-09-01,0.001328022345699719,0.00045930734694306857,1.1173469282573765,5.938502446694043,-0.8115955182973998,0.010168816420011679,-0.0032164536956582252,0.04062801651535028,0.0002128621327464053,4515.77
2023-09-08,0.0034230386489863015,0.0007934204400949937,0.8854951283565079,5.44732456320344,-0.6899412276025056,0.005033220239479149,0.03836471319214636,0.043355726436914134,0.0002132382972168667,4457.49
2023-09-15,0.0022147020051853763,0.0011691726556335626,0.9375106705621654,5.591043589342915,-0.8276557788804839,0.005042766931130315,0.0027945517428342405,0.044108857104372796,0.0002128621327464053,4450.32
2023-09-22,0.0018286537125967732,0.0006522941428347576,1.2515250978587713,5.846125395265858,-0.6593705927929747,0.033894745846472375,-0.01488825292280076,0.016605117182843052,0.0002132382972168667,4320.06
2023-09-29,0.0027429120052237356,0.0005568074143340509,0.9920224787700993,4.95932645855169,-0.508629883346214,0.023092807940188774,0.006260441396220118,0.037754289682949714,0.00021436657762152755,4288.05
2023-10-06,0.002823989356619307,0.0010456276550421194,1.3842153316872545,5.111281534616485,-0.8653836749658408,0.0027940922059556794,0.10053652298682968,0.04933685992718433,0.00021587045473081545,4308.5
2023-10-13,0.002556925861798783,0.0002468643806888541,1.9291124995937294,6.137465605388188,-0.6288566924921989,0.05193679524899718,-0.007276227916067449,0.021789027399639074,0.00021624633534500504,4327.78
2023-10-20,0.012561301018388104,0.00027728470139720544,1.9194856538754739,5.526944402865783,-0.6962318795159483,0.03455608775301639,0.032484045470645796,0.006285597855404317,0.00021474260011022928,4224.16
2023-10-27,0.008401701167596509,0.0017879599196088528,0.9363512083701031,5.339134057555912,-0.8270635979689802,0.0038909491673463303,0.08939155351310035,0.07412295751838863,0.00021511858712019993,4117.37
2023-11-03,0.003060938907099967,0.0007305468900426332,0.9392943991556486,5.713377208437276,-0.728745793069861,0.010914626210319807,0.024217620012401582,0.0441771812074224,0.0002136144261815076,4358.34
2023-11-10,0.0013790696423524687,0.0007399008498513744,0.722181965205536,4.5265434624833425,-0.4607054333155051,0.0022781317966543185,-0.013673047679705307,0.032781691009763525,0.0002136144261815076,4415.24
2023-11-17,0.003240550265869115,0.0006198599478509095,0.899129376119129,6.168901631335358,-0.738994833445293,0.0038313122647204738,0.0821556189247426,0.03586819637097675,0.0002132382972168667,4514.02
2023-11-24,0.0011755561750414628,0.0003357133437050375,0.9915252657424819,5.549654872854922,-0.454716662246629,0.020133811034570178,0.024041426905851003,0.02055113054477064,0.00021436657762152755,4559.34
2023-12-01,0.0011296306625159145,0.0006805677450397656,0.8618586091213777,4.77609082983666,-0.7120618572247627,0.0027116668416908175,0.07815966570860952,0.03967277202844906,0.00021436657762152755,4594.63
2023-12-08,0.0022502551963568323,0.0008308164062456005,0.7084881662745937,5.292672289864035,-0.6387475222650859,0.002112887297515576,0.08817968090789972,0.02942464916439359,0.00021399051964765547,4604.37
2023-12-15,0.0015480419284801923,0.0004883878973679099,0.9535729814572784,5.717543215764604,-0.74063607264281,0.007204606839421023,0.03749785956806544,0.05127947575610577,0.00021399051964765547,4719.19
2023-12-22,0.0022727537850876817,0.0006648551908995622,1.0455332098489236,5.765880411550409,-0.8003733776027095,0.0038680076164992567,0.047081304175478955,0.04803800955838523,0.00021399051964765547,4754.63
2023-12-29,0.0017955024934158672,0.0006714836933672405,0.8448121598943523,4.838335472580816,-0.7750050975560616,0.0030486991149104676,0.07315554802665114,0.045922885875428136,0.00021624633534500504,4769.83
2024-01-05,0.002023267175816066,0.0008461940497409856,0.8741161157062876,5.378316172360726,-0.7558903287662209,0.004441715320649558,0.012158659409641082,0.04609760831215151,0.00021399051964765547,4697.24
2024-01-12,0.0011011169409605955,0.0004010953808120956,0.9845464685200171,5.585120284185387,-0.4904231566214738,0.02422507061040474,0.02152894805332164,0.01381212508881204,0.00021436657762152755,4783.83
2024-01-19,0.0009153303360217902,0.0005343469330203731,0.9597783863221835,5.323362289541297,-0.6001426015549823,0.016354393164725773,-0.011347201428918497,0.016571134447282716,0.00021399051964765547,4839.81
2024-01-26,0.0013361105324247037,0.000310905316655432,1.3117027256348366,5.058434745433375,-0.5802857960818893,0.0158291380913752,-0.02077840445417745,0.011443248455582068,0.00021399051964765547,4890.97
2024-02-02,0.0021036719031339002,0.00075320446086491,0.7860720031592994,6.062633728796125,-0.7817840764025823,0.007612491499234907,0.004989736672170514,0.04327336517335723,0.00021210969726248585,4958.61
2024-02-09,0.0012713182260440815,0.00033454143836005463,0.9461892106201318,5.483585090740814,-0.5549233028176034,0.01898238802910353,-0.020427687141349717,0.01977314682528848,0.00021210969726248585,5026.61
2024-02-16,0.002536896344030862,0.0010203429325777089,0.8228548672295368,6.042759258486441,-0.8645962019786246,0.004147086149652047,0.07452640450560032,0.05939449012261984,0.00021173342623526104,5005.57
2024-02-23,0.002056355799752291,0.0004086029828876425,1.2927781505284808,5.872874428862673,-0.5407495608227854,0.01835054499613464,-0.008380896231506023,0.01966310866516348,0.00021210969726248585,5088.8
2024-03-01,0.000796806194523461,0.0004087210441797253,0.9841023279991348,4.622318715031918,-0.6773264654271615,0.0043176570267764725,0.0641617660144873,0.023619825501867826,0.00021399051964765547,5137.08
2024-03-08,0.003140883431058723,0.0008706341822186583,0.7879268998667285,6.14984545670505,-0.49142485566314514,0.005202203626553249,-0.042156563727514876,0.02987342332823906,0.0002128621327464053,5123.69
2024-03-15,0.004538535675517423,0.001441530578876321,0.8888489219314971,5.432290711894293,-0.8514844118796714,0.002722120514653399,0.0902598819883258,0.06366111918061193,0.0002132382972168667,5117.09
2024-03-22,0.0025764800718182115,0.000964659280482913,0.6441777739529997,6.3739078917651915,-0.5536822523479511,0.0015091035639595164,0.12374070543846062,0.04221827901060699,0.0002128621327464053,5234.18
2024-04-05,0.0030221260311131736,0.00040892872791135784,0.9468687020882582,4.8659066527719785,-0.529071436385392,0.02446281901141899,0.003937050129142703,0.029873480595891004,0.0002113571196757924,5204.34
2024-04-12,0.006887777780733912,0.001086880382411447,0.9163007244251596,5.33932938639878,-0.713039639602569,0.0036275185966525092,0.0729790024472043,0.0595188894645538,0.00021173342623526104,5123.41
2024-04-19,0.00947250105473843,0.000883210371176179,0.9716314573564556,5.458635136409608,-0.8025154451175578,0.006039758441420641,0.060485565461171016,0.06480571299154808,0.00021210969726248585,4967.23
2024-04-26,0.0021152890899977855,0.0003443815492796351,0.9337451179758943,5.0785977320033835,-0.5194216007772917,0.01884812502709939,0.008999299131675555,0.03435320116121327,0.00021173342623526104,5099.96
2024-05-03,0.0010168364304346707,0.0009133882173518644,0.6017828806241813,4.767849383863676,-0.46877814276674856,0.015929340508912752,-0.002478314068492075,0.023255399440336822,0.0002128621327464053,5127.79
2024-05-10,0.0027655144385121287,0.0014718084854624621,0.7498668316236687,6.154965650004524,-0.8640842683110332,0.0032522468226003293,0.07090013952520897,0.06644497469469288,0.0002128621327464053,5222.68
2024-05-17,0.001146237188746927,0.00037108542105217474,0.7524366387502054,4.9232482245614735,-0.47495596664847656,0.015829829538961507,0.00792435911705311,0.03230630156972935,0.00021248593276390615,5303.27
2024-05-24,0.0007269368362288189,0.0004620002413424053,0.8374743733625145,5.012614283300501,-0.36261628206344737,0.009394009559329529,0.02248183574691041,0.028834102041004922,0.00021474260011022928,5304.72
2024-05-31,0.0013470806046083862,0.0004941818035504132,0.9337796643629414,4.695579291431519,-0.7091297039887132,0.004640063709698755,0.06017091647317207,0.03821472195451212,0.00021173342623526104,5277.51
2024-06-07,0.002879429499080622,0.00125141328149267,0.7518301686567512,6.107111806575413,-0.864640651332924,0.003575760506537295,0.0683359905764552,0.06764951731016743,0.0002113571196757924,5346.99
2024-06-14,0.0014731214224625953,0.0005900724431717389,1.0418770837561366,5.845141845725986,-0.7639282337110963,0.009207097481843524,0.014256954804603863,0.03987456406723456,0.0002113571196757924,5431.6
2024-06-21,0.003633776935759055,0.0015508478647663472,0.7249174032992098,6.04359583620728,-0.7233224312915155,0.0004419552922249618,0.13587775072710054,0.05592706220633947,0.00020947505365698227,5464.62
2024-06-28,0.004627981387235794,0.0009599617925487332,0.7670248948834449,6.003138306677622,-0.7036764420029161,0.0047916936724960195,-0.02077446023423047,0.03789822254280159,0.0002113571196757924,5460.48
2024-07-05,0.0014762370278499555,0.0006880240235890755,0.7112005739919922,4.963076512571454,-0.7308158854594642,0.0020554926183185187,0.08571956246617239,0.040866859650279114,0.00021173342623526104,5567.19
2024-07-12,0.002035570587280541,0.0010670504234167942,0.780194751249267,5.880459390821055,-0.8567025332018184,0.0030239510519235054,0.08703215079854854,0.06593754609312613,0.0002113571196757924,5615.35
2024-07-19,0.005863126445024329,0.001156063438491287,0.8007372089336586,5.701681846772849,-0.8120581416945233,0.0027247807423177017,0.10274933524316915,0.0465679744136883,0.00021173342623526104,5505.0
2024-07-26,0.002095127657375928,0.0007217939979625815,1.0806995250718139,5.22346219684031,-0.7161403100066858,0.006818986915643346,0.04594743258969535,0.05475419105815013,0.00021210969726248585,5459.1
2024-08-02,0.009873825096979597,0.000859651837694412,1.0859942472256245,4.970389609428304,-0.7066402142216984,0.008206402533002718,0.05700725875489437,0.043198407604190414,0.00021399051964765547,5346.56
2024-08-09,0.0029307859373647422,0.0005208310139628633,1.4173379570145757,5.42666847175731,-0.5874374524072511,0.02075877022713803,0.021649096260832734,0.028930322396328017,0.00021399051964765547,5344.16
2024-08-16,0.0018605425246800535,0.0007368833158004144,0.787070800493959,4.800571952739436,-0.71562145285581,0.003929595559304306,0.07330634897089358,0.040947030479851834,0.0002136144261815076,5554.25
2024-08-23,0.0020735275900136685,0.001094954963618247,0.6953843330246503,5.105391269107957,-0.7220691045640806,0.0025017058156615707,0.09345030929299751,0.036930571609871704,0.0002128621327464053,5634.61
2024-08-30,0.0010277047087068776,0.00045258176329705417,1.1065641660394914,5.149537387552469,-0.7844139673048527,0.011977116452985622,-0.00268523396160038,0.03314210839124915,0.00020909853376172016,5648.4
2024-09-06,0.017424783355707466,0.00037567724223749,1.5095473105238277,5.023174044595118,-0.7453200528329552,0.044219207948446096,0.016404202411599768,0.02444307813185045,0.0002042005349363052,5408.42
2024-09-13,0.002225395061000568,0.001132177522210086,0.7330671897048159,5.046055599778912,-0.43082451513385595,0.0026622057490386596,-0.03042728105188399,0.03625380152132362,0.00019929650834193957,5626.02
2024-09-20,0.0019882755436721852,0.0010825781141987536,0.8435182498003116,5.571623662299443,-0.7529830943214076,0.0024956017901117443,0.08706632105538169,0.05997788405871085,0.00018871344643711652,5702.55
2024-09-27,0.0038449010766357897,0.0011588766903111842,0.8869097196878396,5.561997771112723,-0.8236154672421092,0.0040103934068116695,0.08234555596172613,0.057421007229036515,0.00018984869126059678,5738.17
2024-10-04,0.002586558026281811,0.0011006584966916698,0.8596058588700085,5.249819643106612,-0.4239553342080288,0.002118903515576596,-0.02516500197869887,0.038313019130558255,0.00019400849074457938,5751.07
2024-10-11,0.0015665392459223175,0.0012343386145134694,0.6739164099014057,4.748803349857547,-0.4045241255502726,0.003323077027738374,-0.014200310026931418,0.038623893601405154,0.00019249633877160832,5815.03
2024-10-18,0.004170605477314518,0.0015143001263460904,0.8322379003034773,5.566521879805689,-0.7491380624758334,0.0008473654028764075,0.11937112061763985,0.060343785682893065,0.0001906053415035025,5864.67
2024-10-25,0.008589554944217691,0.00033412100154051326,0.7756398652608404,5.740605237106692,-0.7950162457586247,0.15772845711678363,0.0026198457208244375,0.01603687305876241,0.00018947031225424737,5808.12
2024-11-01,0.02456325499445928,0.00013793381583640318,0.5655174118991074,6.19728091952981,-0.7334238904243974,0.14458003339365536,-0.009736868510867837,0.015487228685744082,0.00018416923014275,5728.8
2024-11-08,0.0017926518931459048,0.0006864009737048346,0.9583236040386928,5.54453709707636,-0.8353606029214562,0.009373779487770531,0.031618979096617005,0.04830696276969447,0.0001822742761612428,5995.54
2024-11-15,0.009641831088183728,0.0012003738915914712,0.7094546749596493,6.1436116345960246,-0.7865697145309198,0.07397299539804889,0.006438405552032122,0.012703280931791447,0.0001822742761612428,5870.62
2024-11-22,0.001396589280473216,0.001375077208714981,0.5434153032241764,5.135856086577036,-0.6713653804234081,0.0034683354894968527,0.0513545745323766,0.04150132640831814,0.00018303236589400917,5969.34
2024-11-29,0.0013148968209249685,0.0009637137382074791,0.6423844527648971,4.602089645867887,-0.7922368935836317,0.0036965336171296123,0.07073835781964355,0.03589504971053348,0.00018454811282642147,6032.38
2024-12-06,0.003073878176145084,0.001667606175771179,0.7667578296655339,5.9515566512988265,-0.8685514400223241,0.0031377081474375304,0.05616073879600551,0.06340661430082462,0.00017734317432438473,6090.27
2024-12-13,0.0023867150582169436,0.0016152624480335832,0.6356672758951972,5.779296322640818,-0.8545179515834559,0.002319034676758218,0.06814623705555098,0.05186053867393338,0.0001720259237441013,6051.09
2024-12-20,0.005259354526677335,0.002116958176150611,0.6646332429898146,5.833788932701999,-0.7982660769537063,0.0044569070104622825,0.04606691621819979,0.057484953674737174,0.0001720259237441013,5930.85
2024-12-27,0.006831522957762272,0.0015818767480195253,0.7875604195420142,5.718194530741846,-0.8423596126254335,0.002475046136874685,0.08710063687112174,0.06118237061705026,0.00017240596275103215,5970.84
2019-01-04,0.001474736849109486,0.0007178686391809675,2.1557894174278185,4.84606566045281,-0.8521807872933913,0.004778753918441096,0.07333340243698229,0.05255825474668003,9.411762964850467e-05,2531.94
2019-01-11,0.0037542546170845474,0.001306380977447134,1.2745621720021385,5.16172826368727,-0.821165773375794,0.004465636050165014,-0.011272679935890487,0.08866725467335336,9.450517207554299e-05,2596.26
2019-01-18,0.0006414172490356609,0.000653851432421611,1.160988135086604,5.744114960974112,-0.8705146765946612,0.03805300790290885,-0.02165599942582773,0.02409306422125908,9.411762964850467e-05,2670.71
2019-01-25,0.002083379233454044,0.0007769416286814864,1.7373398484454223,5.1356190219514035,-0.8431943570731497,0.0027465959064439634,0.07049696375338374,0.06032810049367663,9.256708289151483e-05,2664.76
2019-02-01,0.00248405459608834,0.0010986190886588412,0.542954620095777,4.801158157131299,-0.7507568831169975,0.018084775146968882,-0.030697495260146004,0.03244911333617198,9.450517207554299e-05,2706.53
2019-02-08,0.001609377108176183,0.0005247379955194937,2.134115570492329,4.754183803038646,-0.824569521003599,0.003523015024066001,0.023570002367920014,0.05222773116640325,9.52801438660611e-05,2707.88
2019-02-15,0.0023877312171799803,0.0005441883983334534,1.930231335337337,4.71432589486357,-0.8316070860841007,0.003941079742132542,-0.0075503262386826635,0.053805226707555394,9.52801438660611e-05,2775.6
2019-02-22,0.0034177544278158065,0.0004292143977382249,2.2287848539791044,4.683623353343944,-0.8541611390924929,0.001244719473107543,0.10220876660367449,0.05978807856544591,9.52801438660611e-05,2792.67
2019-03-01,0.0011218138460175734,0.0005524344698056464,1.07804289197818,5.889339716463375,-0.8465122126035522,0.022746515614790602,-0.02722217616089074,0.030808226858441777,9.566757324419584e-05,2803.69
2019-03-08,0.0015053613819481987,0.000633133841038786,1.9539709365049462,4.984167484495314,-0.8254502150212661,0.003425611003304603,0.03037331433576607,0.04845931437794721,9.605496495423971e-05,2743.07
2019-03-15,0.005120131897832958,0.000412887165051087,2.106376771017071,4.449852827886709,-0.8293054567326849,0.005619368060506004,-0.0029136625824803006,0.045784150142647556,9.644231900329814e-05,2822.48
2019-03-22,0.0011292311550009516,0.0005450981018629679,2.200538018150144,4.7477745003918255,-0.8710240925463217,0.003508432886838569,0.06053894840575938,0.03698520048480236,9.760415525894572e-05,2800.71
2019-03-29,0.0008827976068936288,0.0003694868480962242,1.3061630329605416,6.1999539240944,-0.8376261235454707,0.023267902780253907,-0.028697180757702938,0.02566500830007546,9.52801438660611e-05,2834.4
2019-04-05,0.0025316008244489667,0.0006749320801627296,1.3944093388105536,5.040654361324311,-0.8274466689138886,0.005559721355282664,-0.015082421596852452,0.0518944275464053,9.489267681228597e-05,2892.74
2019-04-12,0.0036045438916946166,0.0004348446505260343,2.226798915748854,4.683443345496508,-0.8527569521557382,0.0011108758176707574,0.11353022443180465,0.06188287716279491,9.450517207554299e-05,2907.41
2019-04-26,0.0035226696306426344,0.00039418613457442667,2.266092191765467,4.651360085396945,-0.8558439117796542,0.0009448943900607232,0.10426562301867817,0.0585205102541019,9.489267681228597e-05,2939.88
2019-05-03,0.003311153281781964,0.0011362550923124833,1.2029659965598811,6.234741929556676,-0.830322870955239,0.005023267847872105,0.048425302753422925,0.04552809229670473,9.489267681228597e-05,2945.64
2019-05-10,0.0018873242595487728,0.0005438085649537427,1.5648813728253903,4.7870904704098765,-0.8618090224326302,0.004553803539995943,0.05285459455930816,0.03898682478757162,9.489267681228597e-05,2881.4
2019-05-17,0.0018525479499828033,0.001381745874095088,1.0538942286628477,5.979147478526068,-0.8565484620424119,0.008274328720673622,0.04293875059292577,0.04581832302729695,9.37300495240656e-05,2859.53
2019-05-24,0.0035892051705634603,0.0007035912997728912,1.9493186583611783,5.224222020211344,-0.8339323109433596,0.0021013139577151898,0.04721275935988228,0.06526741357166994,9.295477615278713e-05,2826.06
2019-05-31,0.0020432295217744697,0.0011113676467511774,1.2605862364254405,4.917285200350328,-0.8491469078109856,0.00615492588999157,0.04198535216206942,0.046344660868353954,9.217935190308779e-05,2752.06
2019-06-07,0.004403855235593916,0.00042404686247732385,2.7943374292480194,4.704469395703796,-0.893589155662429,0.005666068004015357,0.02468491893590129,0.03294398838099543,9.024013079850235e-05,2873.34
2019-06-14,0.0014115783287521613,0.00048267237597037795,1.8538821829785996,5.139933976762185,-0.8264587641338839,0.005952378547585612,0.05488364202401196,0.053009841012624986,8.75236346555841e-05,2886.98
2019-06-21,0.0028481356706228705,0.0009039778277602056,1.1396544644440574,5.492901265734536,-0.8204925000861877,0.0070262690686355095,0.0481833933900528,0.04243915651238429,8.480528519427821e-05,2950.46
2019-06-28,0.0011048509886324666,0.0003439749971392367,1.4520423165352434,5.01904510643269,-0.7205787547561601,0.020467223390604895,0.028115748783311807,0.025370759285799824,8.558214573084477e-05,2941.76
2019-07-05,0.0019057259763381538,0.000912025453732051,1.0563283518418038,6.493716228369047,-0.8462820685437299,0.016308655878589314,-0.0075823047574370426,0.04057280354829318,8.868807407758084e-05,2990.41
2019-07-12,0.002978683106848053,0.000681841987445936,1.5172635739629428,4.928616180491938,-0.8439554557778578,0.003678675655751832,0.03436568935730836,0.06765489281548231,8.480528519427821e-05,3013.77
2019-07-19,0.0013877413136311658,0.00036447970060941664,1.4682335279983452,4.9338412801623,-0.7951197432873452,0.014958111620060761,0.027056699752730853,0.03513027825395896,8.286247091815468e-05,2976.61
2019-07-26,0.0035542217763071993,0.0007390308056247687,1.3625862104482058,5.138066776812772,-0.8466102897642253,0.0029147216575983073,0.03938499025283805,0.07219873171099218,8.363971031166706e-05,3025.86
2019-08-02,0.0010338744885687952,0.0004886304384116347,1.3705680040200743,5.137963337276947,-0.7520495429936154,0.015448592753554069,0.030953360135849706,0.020643412893772955,8.286247091815468e-05,2932.05
2019-08-09,0.0038200166846736796,0.0009335972981057121,1.6369278472556323,5.292323300820054,-0.8258614093638701,0.00212599006163216,-0.07462987761346995,0.08859085319876449,8.052984262252316e-05,2918.65
2019-08-16,0.001690308170355452,0.000808215859533644,1.6922782070126254,4.950353432323059,-0.8352461742795148,0.004334553327781347,0.04115532985160449,0.05653277416132594,8.052984262252316e-05,2888.68
2019-08-23,0.014581331233924433,0.000369721252094117,1.393668504342365,4.846528757216236,-0.7817504683265024,0.05172739870831996,0.0025043488234061675,0.031153641344148015,8.130753713309069e-05,2847.11
2019-08-30,0.001230978346928617,0.00048547716133914615,2.4898113611061006,4.532012520749887,-0.8388318017287764,0.0033860990417350773,0.054372289097286856,0.043015235922160694,8.24737943578846e-05,2926.46
2019-09-06,0.001488040780218618,0.0005397253389578498,1.8083324426774299,5.319341295138428,-0.8317177910414995,0.004266584916128919,0.05248278769939858,0.05559745613311693,8.052984262252316e-05,2978.71
2019-09-13,0.0015681215540768378,0.0006026960543958257,2.2050416461367712,4.656443113772363,-0.8854264940389489,0.0024844472314719556,0.0714003457495207,0.04236786447107883,7.81958479070255e-05,3007.39
2019-09-20,0.0035488718803738176,0.0014198276455868583,1.2340952262568485,5.516296852518141,-0.8377597659669291,0.00299333546465788,0.029915297859284644,0.08086470888245659,7.663909151545134e-05,2992.07
2019-09-27,0.0012439929914218923,0.0007928343487380877,1.1265847618885498,5.193368765703204,-0.7629138433572424,0.0074002626797978355,0.052324758018486864,0.04979226373476871,7.469229028500557e-05,2961.79
2019-10-04,0.0026769897652148354,0.00041170935913413786,1.983940165689458,5.327105133506296,-0.7807867232309949,0.016627716518773664,0.004511644576704079,0.03183024570680733,6.806604185438658e-05,2952.01
2019-10-11,0.003339096828922914,0.000753371388706738,1.4811702949428942,5.360847444828282,-0.8185123808601914,0.00227311576577365,-0.009727707911689318,0.08591878857020653,6.923618085541428e-05,2970.27
2019-10-18,0.0013435531748483057,0.0006511548515293575,1.9415054830285252,5.295939533862979,-0.8241273382765401,0.003067212398620703,0.0502768231709554,0.04853930723880754,6.884617270408455e-05,2986.2
2019-10-25,0.0032001523152931136,0.0004201843403339467,2.175210885115629,4.7307340723886995,-0.8573768422635887,0.0013452828420077632,0.1039192042956261,0.061106561857393306,6.806604185438658e-05,3022.55
2019-11-01,0.0018360897832328028,0.0010895172877756637,0.8420559733551654,6.0734033168733905,-0.7671266315152089,0.011853355687744304,0.03334582149051644,0.0076569893234132574,6.221018650132137e-05,3066.91
2019-11-08,0.00422051266428424,0.001471628425260441,0.9114954363213994,6.611796172252034,-0.8497788376660217,0.004686749394388036,0.04644096688036234,0.07425529959951857,6.142875511461199e-05,3093.08
2019-11-15,0.002443440398441148,0.0004706341950127221,1.9031863640761055,5.073272161796016,-0.8420036292561467,0.0028120004504899464,0.019233010937210155,0.05015083252650147,6.260084472953231e-05,3120.46
2019-11-22,0.0038835433604090678,0.0014685334751289635,0.9147252055085551,5.86883010832877,-0.8882756326838719,0.006324340330680543,0.06751447916383278,0.06428331210159086,6.221018650132137e-05,3110.29
2019-11-29,0.0018887376069929114,0.0006591976038088754,1.481767642076278,5.363691622763298,-0.8285078413247914,0.0047480183470776025,0.01684134541962749,0.05545513169955362,6.377258964507249e-05,3140.98
2019-12-06,0.0013534409833366782,0.0007897408716595022,1.0403742295018101,6.115173200759945,-0.7872633724371837,0.01459458220823482,0.03861400662234871,0.009189173383075578,5.986543241132125e-05,3145.91
2019-12-13,0.0013439643871049622,0.000824427105451928,0.7650326546544416,4.863879255994806,-0.8306060609449872,0.01740076838485834,-0.023704621335650513,0.03281705791474935,6.10379819414586e-05,3168.8
2019-12-20,0.0023734542621893185,0.00039038703023768515,1.5180279013068103,5.907505078965909,-0.7606916905590355,0.022061871236706204,-0.006974488300477356,0.023625211172843743,6.18194899655311e-05,3221.22
2019-12-27,0.0025459847382747515,0.0004874129696531001,1.582463330998195,4.9733853423094105,-0.8470924430493032,0.00359915000817339,0.04435339653424757,0.06619941020275272,6.142875511461199e-05,3240.02
